INSERT INTO DADOS_BANCARIOS (ID, BANCO, AGENCIA, CONTA, TIPO_CONTA) VALUES (1, '001', '123', '12345', 'CC');
INSERT INTO DADOS_BANCARIOS (ID, BANCO, AGENCIA, CONTA, TIPO_CONTA) VALUES (2, '001', '123', '23456', 'CC');
INSERT INTO DADOS_BANCARIOS (ID, BANCO, AGENCIA, CONTA, TIPO_CONTA) VALUES (3, '001', '321', '12345', 'CP');
INSERT INTO DADOS_BANCARIOS (ID, BANCO, AGENCIA, CONTA, TIPO_CONTA) VALUES (4, '033', '678', '9876', 'CC');
INSERT INTO DADOS_BANCARIOS (ID, BANCO, AGENCIA, CONTA, TIPO_CONTA) VALUES (5, '013', '333', '1324', 'Cp');

INSERT INTO FORNECEDOR (CNPJ, NOME, TELEFONE, DADOS_BANCARIOS) VALUES ('12.345.678/9101-12', 'Fornecedor1', '(16)2222-2222', 1);
INSERT INTO FORNECEDOR (CNPJ, NOME, TELEFONE, DADOS_BANCARIOS) VALUES ('22.345.678/9101-12', 'Fornecedor2', '(16)2222-2222', 2);

INSERT INTO FUNCIONARIO (CPF, NOME, TEL_MOVEL, COMISSAO, CARGO) VALUES ('123.123.123-12','Gerente1', '(24)91111-1111', 850, 'GERENTE');
INSERT INTO FUNCIONARIO (CPF, NOME, TEL_MOVEL, TEL_FIXO, COMISSAO, CARGO) VALUES ('223.123.123-12','Gerente2', '(16)92222-2222', '(24)2222-2222', 670, 'GERENTE');
INSERT INTO FUNCIONARIO (CPF, NOME, TEL_MOVEL, TEL_FIXO, COMISSAO, CARGO) VALUES ('323.123.123-12','Gerente3', '(16)93333-3333', '(24)3333-3333', 800, 'GERENTE');
INSERT INTO FUNCIONARIO (CPF, NOME, TEL_MOVEL, COMISSAO, CARGO) VALUES ('423.123.123-12','Gerente4', '(24)94444-4444', 920, 'GERENTE');
INSERT INTO FUNCIONARIO (CPF, NOME, TEL_MOVEL, COMISSAO, CARGO) VALUES ('013.123.123-12','Garcom1', '(24)91111-1110', 420, 'GARÇOM');
INSERT INTO FUNCIONARIO (CPF, NOME, TEL_MOVEL, TEL_FIXO, COMISSAO, CARGO) VALUES ('023.123.123-12','Garcom2', '(16)92222-2220', '(24)2222-2220', 380, 'GARÇOM');
INSERT INTO FUNCIONARIO (CPF, NOME, TEL_MOVEL, TEL_FIXO, COMISSAO, CARGO) VALUES ('033.123.123-12','Garcom3', '(16)93333-3330', '(24)3333-3330', 350, 'GARÇOM');
INSERT INTO FUNCIONARIO (CPF, NOME, TEL_MOVEL, COMISSAO, CARGO) VALUES ('043.123.123-12','Garcom4', '(24)94444-4440', 400, 'GARÇOM');
INSERT INTO FUNCIONARIO (CPF, NOME, TEL_MOVEL, COMISSAO, CARGO) VALUES ('543.123.123-12','Bartenter1', '(24)94444-4441', 450, 'BARTENDER');
INSERT INTO FUNCIONARIO (CPF, NOME, TEL_MOVEL, COMISSAO, CARGO) VALUES ('542.123.123-12','Bartenter2', '(24)94444-4421', 500, 'BARTENDER');
INSERT INTO FUNCIONARIO (CPF, NOME, TEL_MOVEL, COMISSAO, CARGO) VALUES ('443.123.123-12','Operador1', '(24)91234-4444', 470, 'OPERADOR');
INSERT INTO FUNCIONARIO (CPF, NOME, TEL_MOVEL, COMISSAO, CARGO) VALUES ('442.123.123-12','Operador2', '(24)94321-4444', 390, 'OPERADOR');


INSERT INTO ENDERECO (ID, RUA, CIDADE, ESTADO, NUMERO, CEP) VALUES (1, 'Rua Jacinto Favoreto', 'São Carlos', 'SP', 386, '13560-462');
INSERT INTO ENDERECO (ID, RUA, CIDADE, ESTADO, NUMERO, CEP) VALUES (2, 'Rua Marciano Magalhaes', 'Petropolis', 'RJ', 1065, '25630-021');
INSERT INTO ENDERECO (ID, RUA, CIDADE, ESTADO, NUMERO, CEP) VALUES (3, 'Rua Alvaro Chaves', 'Rio de Janeiro', 'RJ', 41,'22231-220');
INSERT INTO ENDERECO (ID, RUA, CIDADE, ESTADO, NUMERO, CEP) VALUES (4, 'Rua Duque de Caxias', 'Petropolis', 'RJ', 291,'25620-123');
INSERT INTO ENDERECO (ID, RUA, CIDADE, ESTADO, NUMERO, CEP) VALUES (5, 'Estrado Uniao Industria', 'Petropolis', 'RJ', 25215,'25030-321');


INSERT INTO CLIENTE (CPF, NOME, DADOS_BANCARIOS, TEL_FIXO, TEL_MOVEL, ENDERECO) VALUES ('165.928.307-86', 'Gustavo', 3, '(24)2245-2739', '(24)99999-9906', 2);
INSERT INTO CLIENTE (CPF, NOME, DADOS_BANCARIOS, TEL_MOVEL, ENDERECO) VALUES ('432.432.423-43', 'Fernando', 4, '(14)98888-8805', 1);
INSERT INTO CLIENTE (CPF, NOME, DADOS_BANCARIOS, TEL_MOVEL, ENDERECO) VALUES ('567.567.567-56', 'Matheus', 5, '(19)98787-7878', 1);


INSERT INTO CASA_FESTA (NOME, ENDERECO) VALUES ('Laranjeiras', 3);
INSERT INTO CASA_FESTA (NOME, ENDERECO) VALUES ('Clube de Campo', 4);
INSERT INTO CASA_FESTA (NOME, ENDERECO) VALUES ('Sitio', 5);


INSERT INTO FESTA (CLIENTE, DATA, NUMERO_CONVIDADOS, TIPO, PRECO, CASA_FESTA, GERENTE) VALUES ('165.928.307-86', TO_DATE('23/09/2018', 'DD/MM/YYYY'), 170, 'A', 15000, 'Sitio', '123.123.123-12');
INSERT INTO FESTA (CLIENTE, DATA, NUMERO_CONVIDADOS, TIPO, PRECO, CASA_FESTA, GERENTE) VALUES ('432.432.423-43', TO_DATE('10/11/2018', 'DD/MM/YYYY'), 450, 'C', 20000, 'Laranjeiras', '323.123.123-12');
INSERT INTO FESTA (CLIENTE, DATA, NUMERO_CONVIDADOS, TIPO, PRECO, CASA_FESTA, GERENTE) VALUES ('165.928.307-86', TO_DATE('31/12/2018', 'DD/MM/YYYY'), 80, 'A', 7500, 'Clube de Campo', '223.123.123-12');
INSERT INTO FESTA (CLIENTE, DATA, NUMERO_CONVIDADOS, TIPO, PRECO, CASA_FESTA, GERENTE) VALUES ('567.567.567-56', TO_DATE('04/02/2019', 'DD/MM/YYYY'), 500, 'C', 30000, 'Clube de Campo', '423.123.123-12');


INSERT INTO CASAMENTO (CLIENTE, DATA, NOIVO1, NOIVO2) VALUES ('432.432.423-43', TO_DATE('10/11/2018', 'DD/MM/YYYY'), 'Fernando', 'Maria');
INSERT INTO CASAMENTO (CLIENTE, DATA) VALUES ('567.567.567-56', TO_DATE('04/02/2019', 'DD/MM/YYYY'));


INSERT INTO ANIVERSARIO (CLIENTE, DATA, NOME_ANIVERSARIANTE, TEMA, FAIXA_ETARIA) VALUES ('165.928.307-86', TO_DATE('23/09/2018', 'DD/MM/YYYY'), 'Gustavo', 'Futebol', '14+');
INSERT INTO ANIVERSARIO (CLIENTE, DATA, NOME_ANIVERSARIANTE, TEMA, FAIXA_ETARIA) VALUES ('165.928.307-86', TO_DATE('31/12/2018', 'DD/MM/YYYY'), 'Rafael', 'Marvel', '8-13');

INSERT INTO BARRACA_RASPADINHA(ID, CLIENTE, DATA, NUMERO, OPERADOR) VALUES (1, '165.928.307-86', TO_DATE('23/09/2018', 'DD/MM/YYYY'), 1, '443.123.123-12');
INSERT INTO BARRACA_RASPADINHA(ID, CLIENTE, DATA, NUMERO, OPERADOR) VALUES (2, '165.928.307-86', TO_DATE('23/09/2018', 'DD/MM/YYYY'), 2, '442.123.123-12');

INSERT INTO ILHA_PERFORMANCE (ID, CLIENTE, DATA, NUMERO, BARTENDER) VALUES (1, '567.567.567-56', TO_DATE('04/02/2019', 'DD/MM/YYYY'), 1, '543.123.123-12');
INSERT INTO ILHA_PERFORMANCE (ID, CLIENTE, DATA, NUMERO, BARTENDER) VALUES (2, '567.567.567-56', TO_DATE('04/02/2019', 'DD/MM/YYYY'), 2, '542.123.123-12');

INSERT INTO GARCOM_FESTA (CLIENTE, DATA, GARCOM) VALUES ('165.928.307-86', TO_DATE('23/09/2018', 'DD/MM/YYYY'), '013.123.123-12');
INSERT INTO GARCOM_FESTA (CLIENTE, DATA, GARCOM) VALUES ('165.928.307-86', TO_DATE('23/09/2018', 'DD/MM/YYYY'), '023.123.123-12');
INSERT INTO GARCOM_FESTA (CLIENTE, DATA, GARCOM) VALUES ('165.928.307-86', TO_DATE('23/09/2018', 'DD/MM/YYYY'), '033.123.123-12');
INSERT INTO GARCOM_FESTA (CLIENTE, DATA, GARCOM) VALUES ('567.567.567-56', TO_DATE('04/02/2019', 'DD/MM/YYYY'), '043.123.123-12');
INSERT INTO GARCOM_FESTA (CLIENTE, DATA, GARCOM) VALUES ('567.567.567-56', TO_DATE('04/02/2019', 'DD/MM/YYYY'), '023.123.123-12');
INSERT INTO GARCOM_FESTA (CLIENTE, DATA, GARCOM) VALUES ('567.567.567-56', TO_DATE('04/02/2019', 'DD/MM/YYYY'), '033.123.123-12');

INSERT INTO BEBIDA (NOME, VOLUME, QUANTIDADE, BANDEJA, PRECO) VALUES ('Coca-Cola', 2000, 100, 'S', 4.00);
INSERT INTO BEBIDA (NOME, VOLUME, QUANTIDADE, BANDEJA, PRECO) VALUES ('Guarana', 2000, 150, 'S', 3.50);
INSERT INTO BEBIDA (NOME, VOLUME, QUANTIDADE, BANDEJA, PRECO) VALUES ('Cerveja', 370, 300, 'S', 2.80);
INSERT INTO BEBIDA (NOME, VOLUME, QUANTIDADE, BANDEJA, PRECO) VALUES ('Vodka', 1000, 50, 'N', 20.00);
INSERT INTO BEBIDA (NOME, VOLUME, QUANTIDADE, BANDEJA, PRECO) VALUES ('Rum', 1000, 30, 'N', 29.90);
INSERT INTO BEBIDA (NOME, VOLUME, QUANTIDADE, BANDEJA, PRECO) VALUES ('Cachaça', 1000, 45, 'N', 17.75);

INSERT INTO INGREDIENTE (NOME, PRECO, CATEGORIA, QUANTIDADE) VALUES ('Limao', 9.50, 'Fruta', 40);
INSERT INTO INGREDIENTE (NOME, PRECO, CATEGORIA, QUANTIDADE) VALUES ('Maracuja', 11.40, 'Fruta', 30);
INSERT INTO INGREDIENTE (NOME, PRECO, CATEGORIA, QUANTIDADE) VALUES ('Morango', 15.90, 'Fruta', 100);
INSERT INTO INGREDIENTE (NOME, PRECO, CATEGORIA, QUANTIDADE) VALUES ('Abacaxi', 7.45, 'Fruta', 25);
INSERT INTO INGREDIENTE (NOME, PRECO, CATEGORIA, QUANTIDADE) VALUES ('Açucar', 4.00, 'Condimento', 40);
INSERT INTO INGREDIENTE (NOME, PRECO, CATEGORIA, QUANTIDADE) VALUES ('Corante Vermelho', 2.00, 'Condimento', 50);
INSERT INTO INGREDIENTE (NOME, PRECO, CATEGORIA, QUANTIDADE) VALUES ('Corante Azul', 2.00, 'Condimento', 45);

INSERT INTO BEBIDA_BANDEJA_FESTA (CLIENTE, DATA, BEBIDA, VOLUME, QUANTIDADE) VALUES ('165.928.307-86', TO_DATE('23/09/2018', 'DD/MM/YYYY'), 'Coca-Cola', 2000, 20);
INSERT INTO BEBIDA_BANDEJA_FESTA (CLIENTE, DATA, BEBIDA, VOLUME, QUANTIDADE) VALUES ('165.928.307-86', TO_DATE('23/09/2018', 'DD/MM/YYYY'), 'Guarana', 2000, 15);
INSERT INTO BEBIDA_BANDEJA_FESTA (CLIENTE, DATA, BEBIDA, VOLUME, QUANTIDADE) VALUES ('165.928.307-86', TO_DATE('23/09/2018', 'DD/MM/YYYY'), 'Cerveja', 370, 50);

INSERT INTO DRINK (NOME) VALUES ('Cuba Libre');
INSERT INTO DRINK (NOME) VALUES ('Caipirinha');
INSERT INTO DRINK (NOME) VALUES ('Caipivodka');

INSERT INTO BEBIDAS_DRINK (DRINK, BEBIDA, VOLUME, QUANTIDADE) VALUES ('Cuba Libre', 'Coca-Cola', 2000, 1);
INSERT INTO BEBIDAS_DRINK (DRINK, BEBIDA, VOLUME, QUANTIDADE) VALUES ('Cuba Libre', 'Rum', 1000, 1);
INSERT INTO BEBIDAS_DRINK (DRINK, BEBIDA, VOLUME, QUANTIDADE) VALUES ('Caipirinha', 'Cachaça', 1000, 1);

INSERT INTO INGREDIENTES_DRINK (INGREDIENTE, DRINK, QUANTIDADE) VALUES ('Limao','Cuba Libre', 1);
INSERT INTO INGREDIENTES_DRINK (INGREDIENTE, DRINK, QUANTIDADE) VALUES ('Morango','Caipirinha', 1);

INSERT INTO RASPADINHA (SABOR) VALUES ('Sangue de Dragão');
INSERT INTO RASPADINHA (SABOR) VALUES ('Ceu Azul');

INSERT INTO INGREDIENTES_RASPADINHA (RASPADINHA, INGREDIENTE, QUANTIDADE) VALUES ('Sangue de Dragão', 'Corante Vermelho', 1);
INSERT INTO INGREDIENTES_RASPADINHA (RASPADINHA, INGREDIENTE, QUANTIDADE) VALUES ('Ceu Azul', 'Corante Azul', 1);
INSERT INTO INGREDIENTES_RASPADINHA (RASPADINHA, INGREDIENTE, QUANTIDADE) VALUES ('Sangue de Dragão', 'Açucar', 1);
INSERT INTO INGREDIENTES_RASPADINHA (RASPADINHA, INGREDIENTE, QUANTIDADE) VALUES ('Ceu Azul', 'Açucar', 1);

INSERT INTO DRINK_ILHA (DRINK, ILHA, QUANTIDADE) VALUES ('Cuba Libre', 1, 50);
INSERT INTO DRINK_ILHA (DRINK, ILHA, QUANTIDADE) VALUES ('Caipirinha', 1, 70);
INSERT INTO DRINK_ILHA (DRINK, ILHA, QUANTIDADE) VALUES ('Caipirinha', 2, 20);

INSERT INTO RASPADINHA_BARRACA (RASPADINHA, BARRACA, QUANTIDADE) VALUES ('Sangue de Dragão', 1, 30);
INSERT INTO RASPADINHA_BARRACA (RASPADINHA, BARRACA, QUANTIDADE) VALUES ('Ceu Azul', 1, 30);
INSERT INTO RASPADINHA_BARRACA (RASPADINHA, BARRACA, QUANTIDADE) VALUES ('Ceu Azul', 2, 20);

INSERT INTO VENDA_BEBIDA (FORNECEDOR, NOME, VOLUME, DATA, VALOR, QUANTIDADE) VALUES ('12.345.678/9101-12', 'Coca-Cola', 2000, TO_DATE('14/06/2018', 'DD/MM/YYYY'), 140.00, 35);
INSERT INTO VENDA_BEBIDA (FORNECEDOR, NOME, VOLUME, DATA, VALOR, QUANTIDADE) VALUES ('12.345.678/9101-12', 'Guarana', 2000, TO_DATE('16/06/2018', 'DD/MM/YYYY'), 70.00, 20);
INSERT INTO VENDA_BEBIDA (FORNECEDOR, NOME, VOLUME, DATA, VALOR, QUANTIDADE) VALUES ('22.345.678/9101-12', 'Cachaça', 1000, TO_DATE('15/06/2018', 'DD/MM/YYYY'), 266.25, 15);

INSERT INTO VENDA_INGREDIENTES (FORNECEDOR, INGREDIENTE, DATA, VALOR, QUANTIDADE) VALUES  ('22.345.678/9101-12', 'Corante Azul', TO_DATE('20/06/2018', 'DD/MM/YYYY'), 40.00, 20);
INSERT INTO VENDA_INGREDIENTES (FORNECEDOR, INGREDIENTE, DATA, VALOR, QUANTIDADE) VALUES  ('22.345.678/9101-12', 'Corante Vermelho', TO_DATE('20/06/2018', 'DD/MM/YYYY'), 34.00, 17);
INSERT INTO VENDA_INGREDIENTES (FORNECEDOR, INGREDIENTE, DATA, VALOR, QUANTIDADE) VALUES  ('12.345.678/9101-12', 'Limao', TO_DATE('19/06/2018', 'DD/MM/YYYY'), 199.50, 21);